{
    "results": {
        "tool": {
            "name": "pytest",
            "version": "8.4.1"
        },
        "summary": {
            "tests": 1,
            "passed": 1,
            "failed": 0,
            "skipped": 0,
            "pending": 0,
            "other": 0,
            "start": 1775148335.3300004,
            "stop": 1775148335.378976
        },
        "tests": [
            {
                "name": "test_outputs.py::test_primers",
                "status": "passed",
                "duration": 0.0048781149089336395,
                "start": 1775148335.373651,
                "stop": 1775148335.3788188,
                "retries": 0,
                "file_path": "test_outputs.py"
            }
        ]
    }
}