{
    "results": {
        "tool": {
            "name": "pytest",
            "version": "8.4.1"
        },
        "summary": {
            "tests": 1,
            "passed": 1,
            "failed": 0,
            "skipped": 0,
            "pending": 0,
            "other": 0,
            "start": 1775085545.3840702,
            "stop": 1775085648.7358248
        },
        "tests": [
            {
                "name": "test_outputs.py::test_interp",
                "status": "passed",
                "duration": 103.33698621951044,
                "start": 1775085545.3978286,
                "stop": 1775085648.7351792,
                "retries": 0,
                "file_path": "test_outputs.py"
            }
        ]
    }
}