{
    "results": {
        "tool": {
            "name": "pytest",
            "version": "8.4.1"
        },
        "summary": {
            "tests": 1,
            "passed": 1,
            "failed": 0,
            "skipped": 0,
            "pending": 0,
            "other": 0,
            "start": 1775081578.5931687,
            "stop": 1775081578.642077
        },
        "tests": [
            {
                "name": "test_outputs.py::test_primers",
                "status": "passed",
                "duration": 0.004161611665040255,
                "start": 1775081578.6374547,
                "stop": 1775081578.6418772,
                "retries": 0,
                "file_path": "test_outputs.py"
            }
        ]
    }
}