{
    "results": {
        "tool": {
            "name": "pytest",
            "version": "8.4.1"
        },
        "summary": {
            "tests": 2,
            "passed": 2,
            "failed": 0,
            "skipped": 0,
            "pending": 0,
            "other": 0,
            "start": 1775137422.4959767,
            "stop": 1775137422.5960028
        },
        "tests": [
            {
                "name": "test_outputs.py::test_result_exists",
                "status": "passed",
                "duration": 0.00031312042847275734,
                "start": 1775137422.5949755,
                "stop": 1775137422.5954459,
                "retries": 0,
                "file_path": "test_outputs.py"
            },
            {
                "name": "test_outputs.py::test_data_matches",
                "status": "passed",
                "duration": 0.0002548913471400738,
                "start": 1775137422.5955617,
                "stop": 1775137422.5958955,
                "retries": 0,
                "file_path": "test_outputs.py"
            }
        ]
    }
}