{
    "results": {
        "tool": {
            "name": "pytest",
            "version": "8.4.1"
        },
        "summary": {
            "tests": 1,
            "passed": 1,
            "failed": 0,
            "skipped": 0,
            "pending": 0,
            "other": 0,
            "start": 1775096106.6893632,
            "stop": 1775096246.8276498
        },
        "tests": [
            {
                "name": "test_outputs.py::test_interp",
                "status": "passed",
                "duration": 140.12387635745108,
                "start": 1775096106.7033274,
                "stop": 1775096246.8274724,
                "retries": 0,
                "file_path": "test_outputs.py"
            }
        ]
    }
}