{
    "results": {
        "tool": {
            "name": "pytest",
            "version": "8.4.1"
        },
        "summary": {
            "tests": 1,
            "passed": 1,
            "failed": 0,
            "skipped": 0,
            "pending": 0,
            "other": 0,
            "start": 1775099625.3955991,
            "stop": 1775099625.4519632
        },
        "tests": [
            {
                "name": "test_outputs.py::test_primers",
                "status": "passed",
                "duration": 0.004574932157993317,
                "start": 1775099625.4468238,
                "stop": 1775099625.4517794,
                "retries": 0,
                "file_path": "test_outputs.py"
            }
        ]
    }
}