{
    "results": {
        "tool": {
            "name": "pytest",
            "version": "8.4.1"
        },
        "summary": {
            "tests": 2,
            "passed": 2,
            "failed": 0,
            "skipped": 0,
            "pending": 0,
            "other": 0,
            "start": 1775104368.5812974,
            "stop": 1775104368.6268926
        },
        "tests": [
            {
                "name": "test_outputs.py::test_result_exists",
                "status": "passed",
                "duration": 0.0002926317974925041,
                "start": 1775104368.6258986,
                "stop": 1775104368.626337,
                "retries": 0,
                "file_path": "test_outputs.py"
            },
            {
                "name": "test_outputs.py::test_data_matches",
                "status": "passed",
                "duration": 0.00025458168238401413,
                "start": 1775104368.6264522,
                "stop": 1775104368.6267862,
                "retries": 0,
                "file_path": "test_outputs.py"
            }
        ]
    }
}