{
    "results": {
        "tool": {
            "name": "pytest",
            "version": "8.4.1"
        },
        "summary": {
            "tests": 2,
            "passed": 2,
            "failed": 0,
            "skipped": 0,
            "pending": 0,
            "other": 0,
            "start": 1775149626.1059816,
            "stop": 1775149626.1561522
        },
        "tests": [
            {
                "name": "test_outputs.py::test_result_exists",
                "status": "passed",
                "duration": 0.00031564757227897644,
                "start": 1775149626.1550896,
                "stop": 1775149626.1555614,
                "retries": 0,
                "file_path": "test_outputs.py"
            },
            {
                "name": "test_outputs.py::test_data_matches",
                "status": "passed",
                "duration": 0.00026880018413066864,
                "start": 1775149626.1556783,
                "stop": 1775149626.1560338,
                "retries": 0,
                "file_path": "test_outputs.py"
            }
        ]
    }
}