{
    "results": {
        "tool": {
            "name": "pytest",
            "version": "8.4.1"
        },
        "summary": {
            "tests": 1,
            "passed": 1,
            "failed": 0,
            "skipped": 0,
            "pending": 0,
            "other": 0,
            "start": 1775048508.9986064,
            "stop": 1775048675.3719685
        },
        "tests": [
            {
                "name": "test_outputs.py::test_interp",
                "status": "passed",
                "duration": 166.35233913599996,
                "start": 1775048509.0186965,
                "stop": 1775048675.3716187,
                "retries": 0,
                "file_path": "test_outputs.py"
            }
        ]
    }
}