{
    "results": {
        "tool": {
            "name": "pytest",
            "version": "8.4.1"
        },
        "summary": {
            "tests": 1,
            "passed": 1,
            "failed": 0,
            "skipped": 0,
            "pending": 0,
            "other": 0,
            "start": 1775068002.38178,
            "stop": 1775068002.4349957
        },
        "tests": [
            {
                "name": "test_outputs.py::test_primers",
                "status": "passed",
                "duration": 0.0048574842512607574,
                "start": 1775068002.4297178,
                "stop": 1775068002.4348173,
                "retries": 0,
                "file_path": "test_outputs.py"
            }
        ]
    }
}