{
    "results": {
        "tool": {
            "name": "pytest",
            "version": "8.4.1"
        },
        "summary": {
            "tests": 2,
            "passed": 2,
            "failed": 0,
            "skipped": 0,
            "pending": 0,
            "other": 0,
            "start": 1775029517.8289247,
            "stop": 1775029517.8955586
        },
        "tests": [
            {
                "name": "test_outputs.py::test_result_exists",
                "status": "passed",
                "duration": 0.0005512269999599084,
                "start": 1775029517.8938034,
                "stop": 1775029517.894592,
                "retries": 0,
                "file_path": "test_outputs.py"
            },
            {
                "name": "test_outputs.py::test_data_matches",
                "status": "passed",
                "duration": 0.0004808070002582099,
                "start": 1775029517.8947775,
                "stop": 1775029517.8953915,
                "retries": 0,
                "file_path": "test_outputs.py"
            }
        ]
    }
}