{
    "results": {
        "tool": {
            "name": "pytest",
            "version": "8.4.1"
        },
        "summary": {
            "tests": 1,
            "passed": 1,
            "failed": 0,
            "skipped": 0,
            "pending": 0,
            "other": 0,
            "start": 1775135743.9288568,
            "stop": 1775135743.976722
        },
        "tests": [
            {
                "name": "test_outputs.py::test_primers",
                "status": "passed",
                "duration": 0.0040872711688280106,
                "start": 1775135743.9722488,
                "stop": 1775135743.9765754,
                "retries": 0,
                "file_path": "test_outputs.py"
            }
        ]
    }
}