{
    "results": {
        "tool": {
            "name": "pytest",
            "version": "8.4.1"
        },
        "summary": {
            "tests": 1,
            "passed": 1,
            "failed": 0,
            "skipped": 0,
            "pending": 0,
            "other": 0,
            "start": 1775028719.4698443,
            "stop": 1775028719.5368218
        },
        "tests": [
            {
                "name": "test_outputs.py::test_primers",
                "status": "passed",
                "duration": 0.004776716000037595,
                "start": 1775028719.5316343,
                "stop": 1775028719.5366282,
                "retries": 0,
                "file_path": "test_outputs.py"
            }
        ]
    }
}