{
    "results": {
        "tool": {
            "name": "pytest",
            "version": "8.4.1"
        },
        "summary": {
            "tests": 1,
            "passed": 1,
            "failed": 0,
            "skipped": 0,
            "pending": 0,
            "other": 0,
            "start": 1775107783.8957238,
            "stop": 1775107783.947301
        },
        "tests": [
            {
                "name": "test_outputs.py::test_primers",
                "status": "passed",
                "duration": 0.004646785091608763,
                "start": 1775107783.9423933,
                "stop": 1775107783.9471862,
                "retries": 0,
                "file_path": "test_outputs.py"
            }
        ]
    }
}