{
    "results": {
        "tool": {
            "name": "pytest",
            "version": "8.4.1"
        },
        "summary": {
            "tests": 1,
            "passed": 1,
            "failed": 0,
            "skipped": 0,
            "pending": 0,
            "other": 0,
            "start": 1775123105.1916223,
            "stop": 1775123105.2482708
        },
        "tests": [
            {
                "name": "test_outputs.py::test_primers",
                "status": "passed",
                "duration": 0.003121219575405121,
                "start": 1775123105.244704,
                "stop": 1775123105.2480974,
                "retries": 0,
                "file_path": "test_outputs.py"
            }
        ]
    }
}